artist,genre
AFI (band),punk rock
AFI (band),gothic rock
AFI (band),post-hardcore
AFI (band),emo
AFI (band),hardcore punk
Badfinger,rock
Badfinger,power pop
Lenny Kravitz,rock
Lenny Kravitz,funk
Lenny Kravitz,soul
Hole (band),alternative rock
Hole (band),grunge
Hole (band),punk rock
Hole (band),noise rock
Hole (band),"power pop }} hole formed after eric erlandson responded to an advertisement placed by courtney love in ''the recycler'' in the summer of 1989. the advertisement read: ""i want to start a band. my influences are big black"
Hole (band),sonic youth
Hole (band),and fleetwood mac
Hole (band),"erlandson recalled of their first meeting: ""we met at this coffee shop"
Hole (band),and i saw her
Hole (band),i thought 'oh
Hole (band),god. oh
Hole (band),no
Hole (band),what am i getting myself into?' she grabbed me
Hole (band),started talking
Hole (band),and she's like 'i know you're the right one
Hole (band),"and i hadn't even opened my mouth yet."" in retrospect"
Hole (band),"love said that erlandson ""had a thurston [moore] quality about him"
Hole (band),"was an ""intensely weird"
Hole (band),good guitarist
Hole (band),in his 2012 book ''letters to kurt
Hole (band),erlandson revealed that he
Hole (band),love had a sexual relationship during their first year together in the band
Hole (band),which love also confirmed. love had been living a nomadic life prior
Hole (band),immersing herself in numerous music scenes
Hole (band),living in various cities along the west coast
Hole (band),after unsuccessful attempts at forming bands in san francisco
Hole (band),and portland
Hole (band),love relocated to los angeles
Hole (band),where she found work as an actress in two alex cox films (''sid
Hole (band),nancy
Hole (band),straight to hell''). erlandson
Hole (band),a los angeles native
Hole (band),a graduate of loyola marymount university
Hole (band),was working as an accountant for capitol records at the time he met love. love originally wanted to name the band sweet baby crystal powered by god
Hole (band),but opted for the name hole instead
Hole (band),during an interview on ''later... with jools holland
Hole (band),"she claimed the name for the band was partly inspired by a quote from euripides' ''medea'' that read: ""there is a hole that pierces right through me."" she also cited a conversation with her mother as the primary inspiration for the band's name"
Hole (band),"in which her mother told her that she couldn't live her life ""with a hole running through her"". love also acknowledged the ""obvious"" genital reference in the band's name"
Hole (band),alluding to the vagina. during the day
Hole (band),love worked as a stripper to support the band
Hole (band),purchase amplifiers
Hole (band),their backline for live shows. hole's first official rehearsal took place at fortress studios in hollywood with love
Hole (band),erlandson
Hole (band),lisa roberts on bass. according to erlandson
Hole (band),these two girls show up dressed completely crazy
Hole (band),we set up
Hole (band),they said
Hole (band),okay
Hole (band),just start playing something.' i started playing
Hole (band),they started screaming at the top of their lungs for two or three hours. crazy lyrics
Hole (band),screaming. i said to myself
Hole (band),most people would just run away from this really fast.' but i heard something in courtney's voice
Hole (band),"lyrics."" initially"
Hole (band),the band had no percussion until love met drummer caroline rue by early 1990
Hole (band),geisbrecht
Hole (band),roberts had both left the band
Hole (band),which led to the recruitment of bassist jill emery. according to caroline rue
Hole (band),love fired roberts after she threatened a long beach club owner
Hole (band),the wife of mobster eddie nash
Hole (band),with a screwdriver when the club refused to pay them for their performance
Hole (band),"hole released their no wave-influenced debut single ""retard girl"" in april 1990"
Hole (band),"and followed it with ""dicknail"" in 1991"
Hole (band),released on sympathy for the record industry
Hole (band),sub pop
Hole (band),respectively. according to disc jockey rodney bingenheimer
Hole (band),love would often approach him at a denny's on sunset blvd. where he went for coffee in the mornings
Hole (band),"and convinced him to give ""retard girl"" airtime on his station kroq-fm. in 1991"
Hole (band),the band signed onto caroline records to release their debut album
Hole (band),and love sought kim gordon of sonic youth to produce the record. she sent a letter
Hole (band),a hello kitty barrette
Hole (band),and copies of the band's early singles to her
Hole (band),mentioning that the band greatly admired gordon's work
Hole (band),"appreciated ""the production of the sst record"
Hole (band),. gordon
Hole (band),impressed by the band's singles
Hole (band),agreed to produce the album
Hole (band),with assistance from gumball's don fleming. the album
Hole (band),titled ''pretty on the inside
Hole (band),was released in september 1991 to positive reception from underground critics
Hole (band),"branded ""loud"
Hole (band),ugly
Hole (band),deliberately shocking
Hole (band),and earned a spot on ''spin
Hole (band),"s ""20 best albums of the year"" list. it was also voted album of the year by new york's ''village voice"
Hole (band),and peaked at number 59 on the uk albums chart. the album spawned one single
Hole (band),teenage whore
Hole (band),which entered the uk indie chart at number one
Hole (band),"as well as the band's debut music video for the song ""garbadge man"". musically"
Hole (band),lyrically
Hole (band),pretty on the inside'' was abrasive
Hole (band),drew on elements of punk rock
Hole (band),sludge metal
Hole (band),characterized by overt noise
Hole (band),feedback
Hole (band),chaotic guitar riffs
Hole (band),contrasting tempos
Hole (band),graphic lyrics
Hole (band),and a variation of love's vocals ranging from whispers to guttural screaming. in later years
Hole (band),"love referred to the album as ""unlistenable"
Hole (band),despite its critical accolades
Hole (band),eventual cult following. the band embarked on a european tour in the fall of 1991 supporting mudhoney
Hole (band),they also toured intermittently in the united states between july
Hole (band),december 1991
Hole (band),playing primarily at hard rock
Hole (band),punk clubs
Hole (band),including cbgb
Hole (band),the whisky a go go
Hole (band),where they opened for the smashing pumpkins. in a write-up by the ''los angeles times'' on the band's final show of the tour
Hole (band),it was noted that love smashed the headstock of her rickenbacker guitar onstage. she was also uneasy about sharing the spotlight on a label so heavily associated with one of the industry's most iconic female performers. in a 1992 interview with ''vanity fair
Hole (band),"love described madonna's interest as ""kind of like dracula's interest in his latest victim"
Hole (band),drummer caroline rue followed. in an advertisement to find a new bass player
Hole (band),"love wrote: ""[i want] someone who can play ok"
Hole (band),and stand in front of 30
Hole (band),000 people
Hole (band),take off her shirt
Hole (band),have 'fuck you' written on her tits. if you're not afraid of me
Hole (band),you're not afraid to fucking say it
Hole (band),send a letter. no more pussies
Hole (band),no more fake girls
Hole (band),i want a whore from hell
Hole (band),in april 1992
Hole (band),drummer patty schemel was recruited after an audition in los angeles
Hole (band),but the band spent the remainder of the year without a bassist
Hole (band),love
Hole (band),schemel
Hole (band),and erlandson began to write material together in the interim. in the spring of 1993
Hole (band),erlandson recruited janitor joe bassist kristen pfaff
Hole (band),and the band toured the united kingdom in the summer of that year
Hole (band),mainly performing material from their upcoming major label debut
Hole (band),live through this
Hole (band),which they recorded at triclops studios in marietta
Hole (band),georgia
Hole (band),in october 1993. thumb
Hole (band),upright=.75
Hole (band),right
Hole (band),courtney love performing with hole at big day out in melbourne
Hole (band),january 1995 ''live through this'' was released on april 12
Hole (band),1994
Hole (band),one week after love's husband
Hole (band),kurt cobain
Hole (band),was found dead in his seattle home. in the wake of love's family tragedy
Hole (band),live through this'' was a critical success. it spawned several popular singles
Hole (band),"including ""doll parts"
Hole (band),violet
Hole (band),"and ""miss world"
Hole (band),going multi-platinum
Hole (band),"being hailed ""album of the year"" by ''spin'' magazine. ''nme'' called the album ""a personal but secretive thrash-pop opera of urban nihilism"
Hole (band),passionate dumb thinks
Hole (band),"and ''rolling stone'' said the album ""may be the most potent blast of female insurgency ever committed to tape"". despite the critical praise for ''live through this"
Hole (band),rumors circulated insinuating that cobain had actually written the majority of the album
Hole (band),though the band vehemently denies this. the band put their impending tour on hold
Hole (band),pulling out of the upcoming lollapalooza festival. recruiting bassist melissa auf der maur over the summer
Hole (band),they commenced their world tour on august 26 at the reading festival in england
Hole (band),"giving a performance that john peel described as ""teetering on the edge of chaos"". the band embarked on a worldwide tour throughout late 1994"
Hole (band),for the duration of 1995
Hole (band),with appearances at the kroq almost acoustic christmas
Hole (band),saturday night live
Hole (band),the big day out festival
Hole (band),mtv unplugged
Hole (band),the 1995 reading festival
Hole (band),lollapalooza 1995
Hole (band),and at the ''mtv video music awards
Hole (band),"where they were nominated for the ""doll parts"" music video. love's reckless stage presence during the tour became a media spectacle"
Hole (band),drawing press from mtv
Hole (band),other outlets due to her unpredictable performances. while touring with sonic youth
Hole (band),love got into a physical fight with kathleen hanna backstage at a 1995 lollapalooza festival
Hole (band),punched her in the face
Hole (band),in an august 1995 band interview with ''rolling stone
Hole (band),drummer patty schemel formally came out as a lesbian
Hole (band),"saying: ""it's important. i'm not out there with that fucking pink flag or anything"
Hole (band),but it's good for other people who live somewhere else in some small town who feel freaky about being gay to know that there's other people who are
Hole (band),"that it's okay."""
Toto (band),arena rock
Toto (band),pop rock
Toto (band),hard rock
Toto (band),jazz fusion
Toto (band),progressive rock
New York Dolls,hard rock
New York Dolls,proto-punk
New York Dolls,glam punk
Imagine Dragons,pop rock
Imagine Dragons,electropop
Imagine Dragons,pop
Imagine Dragons,alternative rock
Flyleaf (band),alternative rock
Flyleaf (band),post-grunge
Flyleaf (band),hard rock
Flyleaf (band),alternative metal
Flyleaf (band),christian rock
Jefferson Airplane,psychedelic rock
Jefferson Airplane,acid rock
Jefferson Airplane,folk rock
Death Cab for Cutie,indie rock
Death Cab for Cutie,alternative rock
Death Cab for Cutie,indie pop
Death Cab for Cutie,emo
Radiohead,art rock
Radiohead,alternative rock
Radiohead,electronica
Radiohead,experimental rock
Awolnation,alternative rock
Awolnation,electronic rock
Awolnation,electropop
Awolnation,pop rock
Awolnation,dance-rock
Traveling Wilburys,rock
White Zombie (band),groove metal
White Zombie (band),industrial metal
White Zombie (band),alternative metal
White Zombie (band),noise rock
Gene Vincent,flat list
Gene Vincent,rockabilly
Gene Vincent,rock
Gene Vincent,roll
Gene Vincent,country
Daughtry (band),post-grunge
Daughtry (band),hard rock
Daughtry (band),pop rock
Extreme (band),hard rock
Extreme (band),funk metal
Hinder,post-grunge
Hinder,hard rock
Alice in Chains,grunge
Alice in Chains,alternative metal
Alice in Chains,alternative rock
Alice in Chains,sludge metal
Shinedown,hard rock
Shinedown,alternative metal
Shinedown,alternative rock
Marilyn Manson (band),industrial rock
Marilyn Manson (band),industrial metal
Marilyn Manson (band),gothic rock
Marilyn Manson (band),alternative metal
The Presidents of the United States of America (band),alternative rock
The Presidents of the United States of America (band),pop-punk
The Presidents of the United States of America (band),post-grunge
Blues Traveler,blues rock
Blues Traveler,folk rock
Blues Traveler,alternative rock
Blues Traveler,southern rock
Blues Traveler,jam band
Steely Dan,jazz rock
Steely Dan,yacht rock
Steely Dan,pop
Steely Dan,jazz fusion
Eric Clapton,rock
Eric Clapton,blues
Harry Chapin,flat list
Harry Chapin,folk rock
Harry Chapin,pop rock
Cheap Trick,power pop
Cheap Trick,hard rock
Cheap Trick,rock
Anthrax (American band),thrash metal
Anthrax (American band),heavy metal
Anthrax (American band),groove metal
The Cranberries,alternative rock
The Cranberries,indie rock
The Cranberries,pop rock
The Cranberries,jangle pop
The Cranberries,post-punk
The Cranberries,dream pop
Incubus (band),alternative rock
Incubus (band),alternative metal
Incubus (band),funk metal
Incubus (band),nu metal
Blue Öyster Cult,hard rock
Blue Öyster Cult,heavy metal
Blue Öyster Cult,occult rock
Blue Öyster Cult,psychedelic rock
Blue Öyster Cult,progressive rock
Blue Öyster Cult,acid rock
Foster the People,indie pop
Foster the People,synth-pop
Foster the People,dance-pop
Foster the People,alternative rock
Foster the People,indie rock
Bloodhound Gang,alternative rock
Bloodhound Gang,rap rock
Bloodhound Gang,pop-punk
Bloodhound Gang,new wave
Steve Vai,instrumental rock
Steve Vai,hard rock
Steve Vai,heavy metal
Steve Vai,progressive metal
The Boxtones,rock
Blink-182,pop-punk
Blink-182,punk rock
Blink-182,skate punk
Blink-182,alternative rock
The Rolling Stones,rock
The Rolling Stones,pop
The Rolling Stones,blues
Poison (American band),glam metal
Poison (American band),hard rock
Van Zant (band),southern rock
Van Zant (band),country
Van Zant (band),arena rock
Van Zant (band),ccm
Fats Domino,boogie-woogie
Fats Domino,blues
Ten Years After,blues rock
Starset,alternative rock
Starset,electronic rock
Starset,alternative metal
Starset,progressive rock
Ben Folds Five,alternative rock
Ben Folds Five,power pop
Royal Blood (band),hard rock
Royal Blood (band),blues rock
Royal Blood (band),garage rock
Royal Blood (band),stoner rock
Royal Blood (band),alternative rock
Red Hot Chili Peppers,funk rock
Red Hot Chili Peppers,alternative rock
Red Hot Chili Peppers,rap rock
Bullet for My Valentine,melodic metalcore
Bullet for My Valentine,thrash metal
Bullet for My Valentine,hard rock
Harry Nilsson,rock
Harry Nilsson,pop
Chubby Checker,rock
Chubby Checker,roll
Ghost (Swedish band),hard rock
Ghost (Swedish band),heavy metal
Ghost (Swedish band),arena rock
Ghost (Swedish band),pop rock
Sepultura,groove metal
Sepultura,thrash metal
Sepultura,alternative metal
England Dan & John Ford Coley,pop rock
England Dan & John Ford Coley,soft rock
England Dan & John Ford Coley,country rock
Avenged Sevenfold,heavy metal
Avenged Sevenfold,progressive metal
Avenged Sevenfold,hard rock
Def Leppard,hard rock
Def Leppard,glam metal
Def Leppard,power pop
Muse (band),alternative rock
Muse (band),progressive rock
Muse (band),space rock
Muse (band),hard rock
Muse (band),art rock
Muse (band),electronic rock
Black Veil Brides,hard rock
Black Veil Brides,alternative metal
Creedence Clearwater Revival,swamp rock
Creedence Clearwater Revival,roots rock
Creedence Clearwater Revival,blues rock
Creedence Clearwater Revival,country rock
Creedence Clearwater Revival,southern rock
Kiss (band),hard rock
Kiss (band),heavy metal
Kiss (band),shock rock
Kiss (band),glam rock
Michael Martin Murphey,progressive country
Michael Martin Murphey,western
Michael Martin Murphey,cowboy music
Michael Martin Murphey,bluegrass
The Who,rock
The Who,hard rock
The Who,proto-punk
Cold Chisel,pub rock
Cold Chisel,rhythm and blues
Cold Chisel,hard rock
Cold Chisel,rock
Cold Chisel,roll
Kaleo (band),blues rock
Kaleo (band),indie folk
Kaleo (band),alternative rock
The Big Bopper,rock
The Big Bopper,roll
The Big Bopper,rockabilly
The Big Bopper,country
The Cardigans,alternative rock
The Cardigans,pop rock
The Cardigans,indie rock
The Cardigans,indie pop
Jeff Buckley,flat list
Jeff Buckley,alternative rock
Jeff Buckley,folk-rock
Jeff Buckley,blues
Iron Maiden,heavy metal
Alter Bridge,hard rock
Alter Bridge,heavy metal
Alter Bridge,alternative metal
Alter Bridge,progressive metal
Alter Bridge,alternative rock
Alter Bridge,post-grunge
Avril Lavigne,pop-punk
Avril Lavigne,alternative rock
Avril Lavigne,pop rock
Avril Lavigne,pop
Bon Jovi,hard rock
Bon Jovi,glam metal
Bon Jovi,arena rock
Bon Jovi,pop rock
Ozzy Osbourne,heavy metal
Ozzy Osbourne,hard rock
W.A.S.P. (band),heavy metal
Van Morrison,blue-eyed soul
Van Morrison,celtic
Van Morrison,rock
Van Morrison,rhythm and blues
Van Morrison,folk
Van Morrison,blues
Van Morrison,jazz
Van Morrison,country
Van Morrison,gospel
Van Morrison,christian
Blur (band),britpop
Blur (band),indie rock
Blur (band),alternative rock
Blur (band),art pop
Sheryl Crow,country rock
Sheryl Crow,pop
Sheryl Crow,folk
Sheryl Crow,blues
Sheryl Crow,heartland rock
AC/DC,hard rock
AC/DC,blues rock
AC/DC,rock
AC/DC,roll
AC/DC,heavy metal
Elton John,pop rock
Elton John,glam rock
Elton John,soft rock
Elton John,blues
Hoobastank,alternative rock
Hoobastank,post-grunge
Hoobastank,funk metal
Hoobastank,ska punk
Whitesnake,hard rock
Whitesnake,blues rock
Whitesnake,glam metal
Paramore,pop-punk
Paramore,emo
Paramore,pop rock
Paramore,power pop
The Monkees,pop rock
The Monkees,rock
The Monkees,bubblegum
The Monkees,psychedelia
R.E.M.,alternative rock
R.E.M.,jangle pop
R.E.M.,folk rock
R.E.M.,college rock
R.E.M.,post-punk
Drowning Pool,alternative metal
Drowning Pool,nu metal
Drowning Pool,post-grunge
Beck,alternative rock
Beck,folk rock
Beck,psychedelia
Beck,electronic
Beck,alt-country
Beck,lo-fi
Alice Cooper,hard rock
Alice Cooper,shock rock
Alice Cooper,heavy metal
Train (band),rock
Train (band),alternative rock
Train (band),pop rock
Train (band),roots rock
Cream (band),psychedelic rock
Cream (band),blues rock
Cream (band),acid rock
Cream (band),hard rock
Nirvana (band),grunge
Nirvana (band),alternative rock
Supertramp,flat list
Supertramp,progressive pop
Supertramp,progressive rock
Supertramp,soft rock
Supertramp,pop
ABBA,pop
ABBA,disco
ABBA,pop rock
ABBA,europop
Jefferson Starship,rock
Jefferson Starship,hard rock
Jefferson Starship,psychedelic rock
Jefferson Starship,progressive rock
Jefferson Starship,soft rock
Kid Rock,rock
Kid Rock,hip hop
Kid Rock,country
Buckcherry,hard rock
Buckcherry,alternative metal
Buckcherry,sleaze rock
"Crosby, Stills, Nash & Young",folk rock
"Crosby, Stills, Nash & Young",soft rock
"Crosby, Stills, Nash & Young",folk pop
Dio (band),heavy metal
Coldplay,alternative rock
Coldplay,pop rock
Coldplay,pop
Our Lady Peace,alternative rock
Our Lady Peace,post-grunge
Twenty One Pilots,alternative rock
Twenty One Pilots,electropop
Twenty One Pilots,alternative hip-hop
Twenty One Pilots,pop rap
Twenty One Pilots,pop rock
Pink Floyd,progressive rock
Pink Floyd,art rock
Pink Floyd,psychedelic rock
Pink Floyd,space rock
Pink Floyd,experimental rock
Slayer,thrash metal
Deftones,alternative metal
Deftones,art rock
Deftones,shoegaze
Ted Nugent,hard rock
Accept (band),heavy metal
Linkin Park,alternative rock
Linkin Park,nu metal
Linkin Park,alternative metal
Linkin Park,electronic rock
Linkin Park,pop rock
Bruce Springsteen,flat list
Bruce Springsteen,rock
Bruce Springsteen,heartland rock
Bruce Springsteen,folk
Bruce Springsteen,pop rock
Five for Fighting,soft rock
Five for Fighting,heartland rock
Five for Fighting,alternative rock
Five for Fighting,pop rock
Five for Fighting,americana
Manfred Mann Chapter Three,jazz rock
Sublime with Rome,reggae rock
Sublime with Rome,alternative rock
Sublime with Rome,hip hop
Sublime with Rome,dub
Sublime with Rome,ska punk
Sublime with Rome,punk rock
Tool (band),alternative metal
Tool (band),art rock
Tool (band),progressive metal
Tool (band),progressive rock
Uriah Heep (band),hard rock
Uriah Heep (band),progressive rock
Uriah Heep (band),heavy metal
Dallas Green (musician),indie folk
Dallas Green (musician),acoustic
Dallas Green (musician),alternative rock
Dallas Green (musician),post-hardcore
Dallas Green (musician),screamo
Dallas Green (musician),melodic hardcore
Smash Mouth,alternative rock
Smash Mouth,power pop
Smash Mouth,pop rock
Smash Mouth,ska punk
Warrant (American band),glam metal
Warrant (American band),hard rock
Warrant (American band),heavy metal
Rob Zombie,industrial metal
Rob Zombie,shock rock
Rob Zombie,groove metal
Rob Zombie,alternative metal
Rob Zombie,hard rock
Rob Zombie,nu metal
Greta Van Fleet,hard rock
Greta Van Fleet,blues rock
Greta Van Fleet,progressive rock
Korn,nu metal
Korn,alternative metal
Cage the Elephant,alternative rock
Cage the Elephant,indie rock
Cage the Elephant,psychedelic rock
Cage the Elephant,garage rock
Cage the Elephant,punk blues
Cage the Elephant,post-punk
Breaking Benjamin,hard rock
Breaking Benjamin,post-grunge
Breaking Benjamin,alternative metal
Saving Abel,rock
Saving Abel,hard rock
Saving Abel,post-grunge
Saving Abel,southern rock
Disturbed (band),heavy metal
Disturbed (band),alternative metal
Disturbed (band),nu metal
P.O.D.,nu metal
P.O.D.,alternative metal
P.O.D.,hardcore punk
Theory of a Deadman,post-grunge
Theory of a Deadman,hard rock
Theory of a Deadman,alternative metal
Theory of a Deadman,pop rock
Modest Mouse,indie rock
Modest Mouse,alternative rock
Modest Mouse,post punk revival
Modest Mouse,punk rock
Modest Mouse,emo
Staind,alternative metal
Staind,hard rock
Collective Soul,alternative rock
Collective Soul,hard rock
Collective Soul,post-grunge
Cinderella (band),glam metal
Cinderella (band),hard rock
The Yardbirds,blues rock
The Yardbirds,psychedelic rock
The Yardbirds,rhythm and blues
U2,rock
U2,alternative rock
U2,pop rock
U2,post-punk
Stone Sour,alternative metal
Stone Sour,post-grunge
Stone Sour,alternative rock
Grateful Dead,rock
Europe (band),arena rock
Europe (band),hard rock
Europe (band),glam metal
Europe (band),blues rock
Rammstein,industrial metal
Bush (British band),post-grunge
Bush (British band),grunge
Bush (British band),alternative rock
Guns N' Roses,hard rock
Guns N' Roses,heavy metal
Keane (band),alternative rock
Keane (band),rock
Keane (band),post-britpop
Keane (band),soft rock
Queensrÿche,progressive metal
Queensrÿche,heavy metal
Smokie (band),pop rock
Smokie (band),soft rock
Smokie (band),glam rock
Nine Inch Nails,industrial rock
Nine Inch Nails,industrial
Nine Inch Nails,electronic rock
Nine Inch Nails,industrial metal
Nine Inch Nails,ambient
Small Faces,rock
Small Faces,rhythm and blues
Small Faces,beat
Small Faces,pop
Small Faces,psychedelia
Small Faces,proto-punk
Small Faces,progressive pop
The Flaming Lips,neo-psychedelia
The Flaming Lips,experimental rock
The Flaming Lips,alternative rock
The Flaming Lips,indie rock
The Flaming Lips,psychedelic rock
No Doubt,ska punk
No Doubt,pop rock
No Doubt,alternative rock
No Doubt,pop-punk
No Doubt,reggae
The Beach Boys,rock
The Beach Boys,pop
The Beach Boys,surf
The Beach Boys,psychedelia
Green Day,punk rock
Green Day,pop-punk
The Tragically Hip,alternative rock
The Tragically Hip,roots rock
The Tragically Hip,folk rock
Lamb of God (band),groove metal
Lamb of God (band),metalcore
Lamb of God (band),thrash metal
Parliament-Funkadelic,flat list
Parliament-Funkadelic,funk
Parliament-Funkadelic,psychedelic funk
Parliament-Funkadelic,funk rock
Parliament-Funkadelic,acid rock
Parliament-Funkadelic,progressive soul
John Mellencamp,heartland rock
John Mellencamp,roots rock
John Mellencamp,folk rock
Trivium (band),heavy metal
Trivium (band),thrash metal
Trivium (band),metalcore
Trivium (band),progressive metal
Papa Roach,alternative rock
Papa Roach,nu metal
Papa Roach,alternative metal
Papa Roach,rap metal
Papa Roach,hard rock
Rush (band),progressive rock
Rush (band),hard rock
Rush (band),heavy metal
Velvet Revolver,hard rock
Velvet Revolver,alternative metal
Finger Eleven,alternative rock
Finger Eleven,alternative metal
Finger Eleven,hard rock
The Smashing Pumpkins,alternative rock
FireHouse,glam metal
FireHouse,hard rock
Sam Fender,rock
Sam Fender,indie rock
Sam Fender,pop rock
Sam Fender,heartland rock
Hootie & the Blowfish,pop rock
Hootie & the Blowfish,alternative rock
Hootie & the Blowfish,soft rock
Hootie & the Blowfish,roots rock
Hootie & the Blowfish,heartland rock
Hootie & the Blowfish,jangle pop
Loverboy,arena rock
Loverboy,hard rock
Loverboy,pop rock
Metallica,heavy metal
Metallica,thrash metal
Metallica,hard rock
Limp Bizkit,nu metal
Limp Bizkit,rap rock
Limp Bizkit,rap metal
Aerosmith,hard rock
Aerosmith,blues rock
Aerosmith,heavy metal
Bring Me the Horizon,metalcore
Bring Me the Horizon,alternative metal
Bring Me the Horizon,alternative rock
Bring Me the Horizon,post-hardcore
Bring Me the Horizon,electronic rock
Vampire Weekend,indie rock
Vampire Weekend,indie pop
Vampire Weekend,worldbeat
John Mayall,british blues
John Mayall,blues rock
John Mayall,jazz rock
Weezer,alternative rock
Weezer,power pop
Weezer,pop rock
Weezer,geek rock
Weezer,pop-punk
Weezer,emo
Yes (band),progressive rock
Yes (band),art rock
Yes (band),symphonic rock
Yes (band),pop rock
Megadeth,thrash metal
Megadeth,speed metal
Megadeth,heavy metal
T. Rex (band),glam rock
T. Rex (band),pop
Stone Temple Pilots,alternative rock
Stone Temple Pilots,grunge
Stone Temple Pilots,alternative metal
Stone Temple Pilots,psychedelic rock
Halestorm,hard rock
Halestorm,heavy metal
Halestorm,alternative metal
Tom Petty and the Heartbreakers,rock
Tom Petty and the Heartbreakers,heartland rock
The Four Seasons (band),pop rock
The Four Seasons (band),pop
The Four Seasons (band),soul
The Four Seasons (band),doo-wop
Billy Squier,hard rock
Billy Squier,arena rock
Billy Squier,pop rock
Billy Squier,power pop
Slipknot (band),nu metal
Slipknot (band),alternative metal
Slade,hard rock
Styx (band),progressive rock
Styx (band),art rock
Styx (band),arena rock
Styx (band),pop rock
Highly Suspect,alternative rock
Highly Suspect,hard rock
Highly Suspect,grunge
Highly Suspect,garage rock
Jethro Tull (band),progressive rock
Jethro Tull (band),folk rock
Jethro Tull (band),blues rock
Sum 41,pop-punk
Sum 41,skate punk
Sum 41,punk rock
Sum 41,alternative metal
Sum 41,melodic hardcore
Sum 41,alternative rock
Boston (band),hard rock
Boston (band),arena rock
Quiet Riot,heavy metal
Quiet Riot,hard rock
Quiet Riot,glam metal
Van Halen,hard rock
Van Halen,heavy metal
Van Halen,pop rock
Van Halen,arena rock
Van Halen,glam metal
Queen (band),rock
Queen (band),pop
Mike and the Mechanics,rock
Mike and the Mechanics,pop rock
Counting Crows,alternative rock
Counting Crows,roots rock
Counting Crows,pop rock
Motörhead,heavy metal
Motörhead,speed metal
Elvis Presley,rock
Elvis Presley,roll
Elvis Presley,pop
Elvis Presley,rockabilly
Elvis Presley,country
Elvis Presley,gospel
Elvis Presley,rhythm and blues
Elvis Presley,soul
Elvis Presley,blues
The Lovin' Spoonful,pop
The Lovin' Spoonful,rock
The Pretty Reckless,hard rock
The Pretty Reckless,alternative rock
The Pretty Reckless,blues rock
Queens of the Stone Age,alternative rock
Queens of the Stone Age,stoner rock
Queens of the Stone Age,desert rock
Queens of the Stone Age,alternative metal
Pantera,groove metal
Pantera,thrash metal
Twisted Sister,heavy metal
Twisted Sister,glam metal
Twisted Sister,hard rock
Twisted Sister,shock rock
Social Distortion,punk rock
Social Distortion,cowpunk
Social Distortion,hardcore punk
Meat Loaf,rock
Meat Loaf,hard rock
Mudvayne,progressive metal
Mudvayne,hard rock
Jerry Lee Lewis,rock
Jerry Lee Lewis,roll
Jerry Lee Lewis,rockabilly
Jerry Lee Lewis,country
Jerry Lee Lewis,gospel
Jerry Lee Lewis,blues
Steve Winwood,blue-eyed soul
Steve Winwood,rhythm and blues
Steve Winwood,rock
Steve Winwood,pop
Everclear (band),alternative rock
Everclear (band),power pop
Everclear (band),pop rock
Everclear (band),punk rock
The Verve,neo-psychedelia
The Verve,alternative rock
The Verve,britpop
The Verve,shoegaze
The Doors,psychedelic rock
The Doors,nowrap
The Doors,blues rock
The Doors,acid rock
Eagles (band),rock
Eagles (band),country rock
Eagles (band),soft rock
Franz Ferdinand (band),indie rock
Franz Ferdinand (band),post-punk revival
Franz Ferdinand (band),art rock
Franz Ferdinand (band),art punk
Bowling for Soup,pop-punk
Bowling for Soup,pop rock
Bowling for Soup,power pop
Damn Yankees (band),hard rock
Damn Yankees (band),arena rock
Beastie Boys,hip hop
Beastie Boys,rap rock
Beastie Boys,alternative hip-hop
Beastie Boys,hardcore punk
Live (band),alternative rock
Live (band),post-grunge
Live (band),hard rock
Audioslave,hard rock
Audioslave,alternative metal
Rise Against,punk rock
Rise Against,melodic hardcore
Kansas (band),progressive rock
Kansas (band),art rock
Kansas (band),hard rock
The Killers,alternative rock
The Killers,indie rock
The Killers,new wave
The Killers,heartland rock
The Killers,pop rock
311 (band),alternative rock
311 (band),rap rock
311 (band),reggae rock
311 (band),funk rock
311 (band),funk metal
Silverchair,alternative rock
Silverchair,grunge
Silverchair,post-grunge
The Used,emo
The Used,screamo
The Used,pop-punk
The Used,punk rock
The Used,alternative rock
Manfred Mann (musician),beat
Manfred Mann (musician),blues rock
Manfred Mann (musician),rhythm and blues
Manfred Mann (musician),psychedelia
Manfred Mann (musician),progressive rock
Manfred Mann (musician),hard rock
Seether,post-grunge
Seether,hard rock
Seether,alternative rock
Seether,nu metal
Jimmy Eat World,alternative rock
Jimmy Eat World,emo
Jimmy Eat World,pop-punk
Jimmy Eat World,punk rock
Jimmy Eat World,power pop
Jimmy Eat World,pop rock
Great White,hard rock
Great White,glam metal
The Black Keys,garage rock
The Black Keys,blues rock
The Black Keys,indie rock
The Go-Go's,new wave
The Go-Go's,pop rock
The Go-Go's,power pop
The Go-Go's,post-punk
The Go-Go's,punk rock
The Everly Brothers,rock
The Everly Brothers,roll
The Everly Brothers,rockabilly
The Everly Brothers,country rock
The Everly Brothers,country
Lacuna Coil,gothic metal
Lacuna Coil,alternative metal
Five Finger Death Punch,groove metal
Five Finger Death Punch,alternative metal
Joy Division,post-punk
Joy Division,punk rock
Joy Division,new wave
Joy Division,gothic rock
Pop Evil,hard rock
Pop Evil,alternative metal
Pop Evil,post-grunge
Dropkick Murphys,celtic punk
Dropkick Murphys,folk punk
Dropkick Murphys,oi!
Thin Lizzy,hard rock
Thin Lizzy,blues rock
Thin Lizzy,heavy metal
Thin Lizzy,folk rock
Puddle of Mudd,post-grunge
Puddle of Mudd,hard rock
Puddle of Mudd,alternative rock
Panic! at the Disco,pop rock
Panic! at the Disco,baroque pop
Panic! at the Disco,electropop
Panic! at the Disco,emo
Panic! at the Disco,pop-punk
Simple Plan,pop-punk
Simple Plan,alternative rock
Simple Plan,pop rock
Simple Plan,power pop
Simple Plan,emo
John Mayer,rock
John Mayer,pop
John Mayer,blues
Rage Against the Machine,rap metal
Rage Against the Machine,rap rock
Rage Against the Machine,funk metal
Rage Against the Machine,alternative metal
The Offspring,punk rock
The Offspring,skate punk
The Offspring,alternative rock
Bee Gees,pop
Bee Gees,soul
Bee Gees,disco
Bee Gees,rock
Bee Gees,soft rock
The Cab,alternative rock
The Cab,pop punk
The Cab,power pop
The Cab,pop
Coheed and Cambria,progressive rock
Coheed and Cambria,alternative rock
Coheed and Cambria,emo
Coheed and Cambria,progressive metal
Joe Satriani,instrumental rock
Joe Satriani,hard rock
Joe Satriani,blues rock
Traffic (band),progressive rock
Traffic (band),psychedelic rock
Traffic (band),jazz rock
Traffic (band),folk rock
Traffic (band),psychedelic pop
Sly and the Family Stone,psychedelic soul
Sly and the Family Stone,rock
Hall & Oates,pop rock
Hall & Oates,blue-eyed soul
Hall & Oates,soft rock
Hall & Oates,rhythm and blues
Journey (band),arena rock
Journey (band),hard rock
Journey (band),progressive rock
Journey (band),jazz rock
Dashboard Confessional,emo
Dashboard Confessional,alternative rock
Dashboard Confessional,acoustic rock
The Cure,gothic rock
The Cure,post-punk
The Cure,new wave
Tom Petty,rock
Tom Petty,heartland rock
Tom Petty,country rock
Tom Petty,southern rock
Filter (band),industrial rock
Filter (band),post-grunge
Filter (band),alternative rock
Filter (band),industrial metal
Filter (band),alternative metal
Flogging Molly,celtic punk
Flogging Molly,folk punk
Dave Matthews Band,rock
Dave Matthews Band,jam rock
Simon & Garfunkel,folk rock
Billy Talent,punk rock
Billy Talent,alternative rock
Billy Talent,pop-punk
Fleetwood Mac,pop rock
Fleetwood Mac,soft rock
Fleetwood Mac,blues rock
Fleetwood Mac,art pop
Jackson Browne,flat list
Jackson Browne,rock
Jackson Browne,folk rock
Jackson Browne,soft rock
Jackson Browne,pop rock
Jackson Browne,country rock
Fun (band),indie pop
Fun (band),indie rock
Fun (band),pop rock
Peter Frampton,rock
Killswitch Engage,melodic metalcore
Matchbox Twenty,alternative rock
Matchbox Twenty,post-grunge
My Chemical Romance,alternative rock
My Chemical Romance,emo
My Chemical Romance,post-hardcore
The Jesus and Mary Chain,alternative rock
The Jesus and Mary Chain,indie rock
The Jesus and Mary Chain,noise pop
The Jesus and Mary Chain,post-punk
The Jesus and Mary Chain,shoegaze
The Mamas & the Papas,folk rock
The Mamas & the Papas,sunshine pop
Creed (band),post-grunge
Creed (band),hard rock
Creed (band),alternative metal
The Velvet Underground,art rock
The Velvet Underground,experimental rock
Primus (band),alternative metal
Primus (band),funk metal
Primus (band),experimental rock
Primus (band),progressive rock
Travis (band),post-britpop
Travis (band),pop rock
Travis (band),alternative rock
Evanescence,alternative metal
Evanescence,gothic metal
Evanescence,gothic rock
Evanescence,hard rock
Evanescence,industrial rock
Evanescence,symphonic metal
Evanescence,nu metal
Foals (band),indie rock
Foals (band),alternative rock
Foals (band),art rock
Foals (band),dance-punk
Grand Funk Railroad,hard rock arena rock
Ratt,glam metal
Ratt,heavy metal
Ratt,hard rock
Ritchie Valens,rock
Ritchie Valens,roll
Ritchie Valens,chicano rock
Faith No More,alternative metal
Faith No More,funk metal
Faith No More,alternative rock
Faith No More,experimental rock
Good Charlotte,pop-punk
Good Charlotte,alternative rock
Good Charlotte,emo
Good Charlotte,pop rock
System of a Down,alternative metal
System of a Down,nu metal
System of a Down,hard rock
System of a Down,progressive metal
Thousand Foot Krutch,christian rock
Thousand Foot Krutch,christian metal
Thousand Foot Krutch,heavy metal
Thousand Foot Krutch,hard rock
Thousand Foot Krutch,alternative rock
Thousand Foot Krutch,rap metal
The Police,new wave
The Police,reggae rock
The Police,pop rock
Chris de Burgh,art rock
Chris de Burgh,pop
Gin Blossoms,alternative rock
Gin Blossoms,jangle pop
Gin Blossoms,power pop
Gin Blossoms,post-grunge
Gin Blossoms,country rock
Nickelback,post-grunge
Nickelback,hard rock
Nickelback,alternative metal
Nickelback,pop rock
Living Colour,hard rock
Living Colour,funk metal
Living Colour,alternative metal
Sex Pistols,punk rock
INXS,new wave
INXS,pub rock
INXS,dance-rock
INXS,funk rock
INXS,alternative rock
Jane's Addiction,alternative rock
Jane's Addiction,alternative metal
Jane's Addiction,funk metal
Jane's Addiction,psychedelic rock
Crash Test Dummies,alternative rock
Crash Test Dummies,folk rock
Three Days Grace,post-grunge
Three Days Grace,hard rock
Three Days Grace,alternative metal
Chris Rea,pop rock
Chris Rea,soft rock
Chris Rea,electric blues
Chris Rea,blues rock
Skillet (band),christian rock
Skillet (band),alternative rock
Skillet (band),alternative metal
Skillet (band),post-grunge
Skillet (band),nu metal
A Perfect Circle,alternative rock
A Perfect Circle,hard rock
Fuel (band),alternative rock
Fuel (band),hard rock
Fuel (band),post-grunge
Fuel (band),alternative metal
Thirty Seconds to Mars,alternative rock
Rod Stewart,rock
Rod Stewart,pop
Rod Stewart,blue-eyed soul
Rod Stewart,blues rock
Rod Stewart,folk rock
Rod Stewart,soft rock
Rod Stewart,disco
Rod Stewart,traditional pop
Foo Fighters,alternative rock
Foo Fighters,post-grunge
Paul McCartney and Wings,soft rock
The Clash,punk rock
The Clash,new wave
The Clash,reggae
The Clash,experimental rock
Genesis (band),progressive rock
Genesis (band),art rock
Genesis (band),pop rock
Genesis (band),soft rock
Ramones,punk rock
Ramones,pop-punk
Skid Row (American band),heavy metal
Skid Row (American band),hard rock
Skid Row (American band),glam metal
The Jam,mod revival
The Jam,new wave
The Jam,punk rock
The Jam,power pop
David Bowie,art rock
David Bowie,glam rock
David Bowie,pop
David Bowie,electronic
Soundgarden,grunge
Soundgarden,heavy metal
Soundgarden,alternative metal
Snow Patrol,alternative rock
Snow Patrol,power pop
Snow Patrol,post-britpop
Snow Patrol,indie rock
Arctic Monkeys,indie rock
Arctic Monkeys,garage rock
Arctic Monkeys,psychedelic rock
Arctic Monkeys,alternative rock
Arctic Monkeys,lounge pop
3 Doors Down,post-grunge
3 Doors Down,alternative rock
Volbeat,heavy metal
Volbeat,hard rock
Volbeat,rockabilly
Volbeat,psychobilly
Garbage (band),alternative rock
Garbage (band),electronic rock
Garbage (band),trip hop
Garbage (band),industrial rock
Sonic Youth,noise rock
Sonic Youth,alternative rock
Sonic Youth,experimental rock
Sonic Youth,indie rock
Sonic Youth,no wave
Duran Duran,pop rock
Duran Duran,synth-pop
Duran Duran,new wave
Duran Duran,dance-rock
Elvis Costello,rock
Elvis Costello,pop
Elvis Costello,new wave
Elvis Costello,power pop
Elvis Costello,punk rock
Elvis Costello,pub rock
Fall Out Boy,pop-punk
Fall Out Boy,pop rock
Fall Out Boy,emo
Eddie Cochran,rock
Eddie Cochran,roll
Eddie Cochran,rockabilly
Eddie Cochran,country
Eddie Cochran,rhythm
Eddie Cochran,blues
The Outfield,pop rock
The Outfield,new wave
Blondie (band),new wave
Blondie (band),punk rock
Blondie (band),pop rock
Blondie (band),pop
Blondie (band),disco
Bad Company,hard rock
Bad Company,blues rock
April Wine,hard rock
The Allman Brothers Band,southern rock
The Allman Brothers Band,blues rock
The Allman Brothers Band,jam band
Alanis Morissette,alternative rock
Alanis Morissette,post-grunge
Alanis Morissette,electronica
Alanis Morissette,grunge
Alanis Morissette,trip hop
Alanis Morissette,indie pop
Alanis Morissette,pop rock
Stevie Ray Vaughan,flat list
Stevie Ray Vaughan,texas blues
Stevie Ray Vaughan,blues rock
Stevie Ray Vaughan,electric blues
Stevie Ray Vaughan,rock
Stevie Ray Vaughan,roll
Bread (band),soft rock
Chevelle (band),hard rock
Chevelle (band),alternative metal
Chevelle (band),alternative rock
Chevelle (band),post-grunge
Days of the New,post-grunge
Days of the New,alternative rock
Days of the New,alternative metal
Dire Straits,roots rock
Dire Straits,blues rock
Dire Straits,pub rock
Godsmack,alternative metal
Godsmack,hard rock
Godsmack,nu metal
